Title,Publisher(s),Format,Xbox One X enhanced,FPS Boost,Date added,Notes/references
0 Day Attack on Earth,Square Enix,XBLA,,,"October 26, 2017",
3D Ultra Minigolf Adventures,Activision,XBLA,,,"April 20, 2017",
50 Cent: Blood on the Sand,THQ,Disc Only,,,"November 15, 2021",
Ace Combat 6: Fires of Liberation,Bandai Namco Entertainment,Disc Only,,,"January 16, 2019",Available digitally as a pre-order bonus with Ace Combat 7: Skies Unknown.
Aces of the Galaxy,Activision,XBLA,,,"November 15, 2021",
Adventure Time: The Secret of the Nameless Kingdom,Little Orbit,,,,"November 15, 2021",
Aegis Wing,Microsoft Studios,XBLA,,,"January 21, 2016",
Age of Booty,Capcom,XBLA,,,"January 21, 2016",
AirMech Arena,Ubisoft,XBLA,,,"March 21, 2019",Also released for Xbox One.
Alan Wake,Microsoft Studios,,,,"March 17, 2016",Also available as a bonus with purchase of Quantum Break. Also available as a remastered version for Xbox One and Series X/S.
Alan Wake's American Nightmare,Microsoft Studios,XBLA,,,"February 11, 2016",Also included as a pre-order bonus with Quantum Break.
Alice: Madness Returns,Electronic Arts,,,,"January 24, 2017",Available in The Play List on EA Play.
Alien Hominid HD,Microsoft Studios,XBLA,,,"November 12, 2015","Available to Xbox One Preview Program Members on June 15, 2015."
Aliens vs. Predator,Sega,,,,"November 29, 2018",
Altered Beast,Sega,XBLA,,,"April 26, 2016",Also available in Sega Genesis Classics for Xbox One.
Anomaly: Warzone Earth,Microsoft Studios,XBLA,,,"June 7, 2016",
Aqua,Microsoft Studios,XBLA,,,"June 7, 2016",
Are You Smarter Than A 5th Grader?,THQ,XBLA,,,"November 15, 2021",
Arkanoid Live!,Taito Corporation,XBLA,,,"September 8, 2016",
Army of Two,Electronic Arts,,,,"March 28, 2017",Available in The Play List on EA Play.
Assassin's Creed,Ubisoft,,,,"March 21, 2016",
Assassin's Creed II,Ubisoft,,,,"November 12, 2015","Also available in Assassin's Creed: The Ezio Collection which includes remastered versions of Assassin's Creed II, Assassin's Creed: Brotherhood and Assassin's Creed: Revelations for Xbox One."
Assassin's Creed III,Ubisoft,Disc Only,,,"May 23, 2017",Also available in Assassin's Creed III: Remastered which includes remastered versions of Assassin's Creed III and Assassin's Creed: Liberation HD for Xbox One.
Assassin's Creed Liberation HD,Ubisoft,XBLA,,,"July 3, 2018",Also available in Assassin's Creed III: Remastered which includes remastered versions of Assassin's Creed III and Assassin's Creed: Liberation HD for Xbox One.
Assassin's Creed IV: Black Flag,Ubisoft,Disc Only,,,"April 3, 2018",Also released as a launch title for Xbox One.
Assassin's Creed: Brotherhood,Ubisoft,Disc Only,,,"June 27, 2017","Also available in Assassin's Creed: The Ezio Collection which includes remastered versions of Assassin's Creed II, Assassin's Creed: Brotherhood and Assassin's Creed: Revelations for Xbox One."
Assassin's Creed: Revelations,Ubisoft,,,,"March 23, 2017","Also available in Assassin's Creed: The Ezio Collection which includes remastered versions of Assassin's Creed II, Assassin's Creed: Brotherhood and Assassin's Creed: Revelations for Xbox One."
Assassin's Creed Rogue,Ubisoft,,,,"February 23, 2017",Also available as a remastered version on Xbox One.
Assault Heroes 2,Activision,XBLA,,,"April 25, 2017",
Asteroids & Deluxe,Atari,XBLA,,,"November 12, 2015",Games are also available as part of Atari Flashback Classics Volume 2 for Xbox One.
AstroPop,Electronic Arts,XBLA,,,"November 29, 2016",
Asura's Wrath,Capcom,,,,"June 10, 2019",
Avatar: The Last Airbender – The Burning Earth,THQ,,,,"November 15, 2021",
Axel & Pixel,2K Games,XBLA,,,"March 13, 2018",
Babel Rising,Ubisoft,XBLA,,,"June 16, 2016",
Band of Bugs,Microsoft Studios,XBLA,,,"May 4, 2017",
Banjo-Kazooie,Microsoft Studios,XBLA,,,"November 12, 2015","Available to Xbox One Preview Program Members on June 15, 2015. Also included as part of the Rare Replay collection of games."
Banjo-Kazooie: Nuts & Bolts,Microsoft Game Studios,,,,"November 12, 2015","Available to Xbox One Preview Program Members on June 15, 2015. Also included as part of the Rare Replay collection of games."
Banjo-Tooie,Microsoft Studios,XBLA,,,"November 12, 2015","Available to Xbox One Preview Program Members on June 15, 2015. Also included as part of the Rare Replay collection of games."
Bankshot Billiards 2,Microsoft Studios,XBLA,,,"November 15, 2021",
Batman: Arkham Origins,Warner Bros. Interactive Entertainment,Disc Only,,,"August 8, 2017",
BattleBlock Theater,Microsoft Studios,XBLA,,,"November 12, 2015","Available to Xbox One Preview Program Members on June 15, 2015."
Battlefield 1943,Electronic Arts,XBLA,,,"May 24, 2018",Available in The Play List on EA Play.
Battlefield 2: Modern Combat,Electronic Arts,Disc Only,,,"June 10, 2019",
Battlefield 3,Electronic Arts,,,,"January 10, 2017",Available in The Play List on EA Play.
Battlefield: Bad Company,Electronic Arts,,,,"August 17, 2017",Available in The Play List on EA Play.
Battlefield: Bad Company 2,Electronic Arts,,,,"January 10, 2017",Available in The Play List on EA Play.
Battlestations: Pacific,Eidos Interactive,,,,"January 10, 2019",
Battlestations: Midway,Eidos Interactive,,,,"October 11, 2016",
Bayonetta,Sega,,,,"September 8, 2016",Also available as a remastered version on Xbox One.
Beat'n Groovy,Konami,XBLA,,,"January 12, 2017",
Beautiful Katamari,Namco,,,,"November 15, 2021",
Bejeweled 2,Microsoft Studios,XBLA,,,"November 12, 2015",Available in The Play List on EA Play.
Bejeweled 3,PopCap Games,XBLA,,,"September 6, 2016",Available in The Play List on EA Play.
Bellator: MMA Onslaught,345 Games,XBLA,,,"November 12, 2015",
Beyond Good & Evil HD,Ubisoft,XBLA,,,"November 12, 2015",
Binary Domain,Sega,,,,"November 15, 2021",
Bionic Commando Rearmed 2,Capcom,XBLA,,,"July 21, 2016",
BioShock,2K Games,,,,"December 13, 2016","Also available in BioShock: The Collection, featuring remastered versions of all 3 BioShock titles as well as it’s downloadable content on Xbox One."
BioShock 2,2K Games,,,,"December 13, 2016","Also available in BioShock: The Collection, featuring remastered versions of all 3 BioShock titles as well as it’s downloadable content on Xbox One."
BioShock Infinite,2K Games,,,,"December 13, 2016","Also available in BioShock: The Collection, featuring remastered versions of all 3 BioShock titles as well as it’s downloadable content on Xbox One."
Black College Football: BCFX: The Xperience,Aspyr,,,,"November 15, 2021",
Blazing Angels: Squadrons of WWII,Ubisoft,Disc Only,,,"June 27, 2017",
Blood Knights,Kalypso Media,XBLA,,,"June 23, 2016",
Blood of the Werewolf,Midnight City,XBLA,,,"November 12, 2015",
Bloodforge,Microsoft Studios,XBLA,,,"June 30, 2016",
BloodRayne: Betrayal,Majesco Entertainment,XBLA,,,"November 12, 2015","Also available as a remastered version titled ""BloodRayne Betrayal: Fresh Bites"" for Xbox One and Series X/S."
Blue Dragon,Microsoft Studios,,,,"November 1, 2016",
Bolt,Disney Interactive Studios,,,,"August 8, 2017",
Bomberman Live: Battlefest,Hudson Soft,XBLA,,,"August 18, 2016",
Boom Boom Rocket,Electronic Arts,XBLA,,,"July 26, 2016",
Borderlands,2K Games,,,,"November 12, 2015","Available to Xbox One Preview Program Members on September 3, 2015. All versions of the game, including physical and digital copies, receive all DLC as a free download (on Xbox One only). Also available in a remastered version."
Borderlands 2,2K Games,,,,"February 23, 2017",Also available in Borderlands: The Handsome Collection which includes remastered versions of Borderlands 2 and Borderlands: The Pre-Sequel for Xbox One. The Borderlands 2 DLC Install Disc included in the Borderlands Triple Pack released in 2015 is not compatible.
Bound by Flame,Focus Home Interactive,,,,"September 15, 2016",
Braid,Microsoft Studios,XBLA,,,"December 17, 2015",Also available in a remastered version for Xbox One.
Brain Challenge,Microsoft Studios,XBLA,,,"June 16, 2016",
Brave: The Video Game,Disney Interactive Studios,,,,"February 20, 2018",
Brothers in Arms: Hell's Highway,Ubisoft,,,,"March 21, 2019",
Brütal Legend,Double Fine Productions,,,,"September 18, 2018",
Bullet Soul,5pb.,,,,"May 4, 2017",
Bullet Soul -Infinite Burst-,5pb.,,,,"May 4, 2017",
Bully: Scholarship Edition,Rockstar Games,,,,"December 15, 2016",
The Bureau: XCOM Declassified,2K Games,,,,"December 4, 2018",
Burnout Paradise,Electronic Arts,Disc Only,,,"November 22, 2016",Remastered as Burnout Paradise Remastered for Xbox One.
Burnout Revenge,Electronic Arts,,,,"May 8, 2018",The original Xbox version of this game is not compatible.
Cabela's Alaskan Adventures,Activision,Disc Only,,,"April 27, 2017",
Cabela's Dangerous Hunts 2013,Activision,Disc Only,,,"April 27, 2017",
Cabela's Hunting Expeditions,Activision,Disc Only,,,"April 27, 2017",
Cabela's Survival: Shadows of Katmai,Activision,Disc Only,,,"April 27, 2017",
Call of Duty 2,Activision,,,,"August 23, 2016",
Call of Duty 3,Activision,,,,"September 22, 2016",
Call of Duty 4: Modern Warfare,Activision,,,,"March 29, 2018",Also available in a remastered version.
Call of Duty: Advanced Warfare,Activision,,,,"September 28, 2017",Also released on Xbox One.
Call of Duty: Black Ops,Activision,,,,"May 17, 2016",
Call of Duty: Black Ops II,Activision,,,,"April 11, 2017",
Call of Duty: Ghosts,Activision,,,,"June 29, 2017",Also released as a launch title for Xbox One.
Call of Duty: Modern Warfare 2,Activision,,,,"August 28, 2018",Campaign remastered for Xbox One.
Call of Duty: Modern Warfare 3,Activision,,,,"June 19, 2018",
Call of Duty: World at War,Activision,,,,"September 27, 2016",
Call of Juarez: Bound in Blood,Techland,,,,"September 25, 2018",
Call of Juarez: The Cartel,Techland,,,,"September 25, 2018",
Call of Juarez: Gunslinger,Techland,XBLA,,,"November 12, 2015",
Capcom Arcade Cabinet,Capcom,XBLA,,,"July 21, 2016",Multiple included games also available in Capcom Arcade Stadium for Xbox One.
Carcassonne,Microsoft Studios,XBLA,,,"February 26, 2016",
Cars Mater-National Championship,Disney Interactive Studios,,,,"November 14, 2017",
Cars 2: The Video Game,Disney Interactive Studios,,,,"March 2, 2017",
Castle Crashers,Microsoft Studios,XBLA,,,"November 12, 2015",Also available in a remastered version for Xbox One. Cannot purchase original version on Microsoft Store.
Castle of Illusion Starring Mickey Mouse,Sega,XBLA,,,"August 30, 2016",
CastleStorm,Microsoft Studios,XBLA,,,"November 12, 2015",Also released on Xbox One
Castlevania: Harmony of Despair,Konami,XBLA,,,"March 14, 2019",
Castlevania: Lords of Shadow,Konami,,,,"October 30, 2018",
Castlevania: Lords of Shadow 2,Konami,,,,"October 30, 2018",
Castlevania: Lords of Shadow – Mirror of Fate HD,Konami,XBLA,,,"October 30, 2018",
Castlevania: Symphony of the Night,Konami,XBLA,,,"March 17, 2016",
Catherine,Atlus,,,,"December 15, 2016",
The Cave,Sega,XBLA,,,"April 26, 2016",
Centipede & Millipede,Atari,XBLA,,,"November 12, 2015",Games are also available as part of Atari Flashback Classics Volume 1 for Xbox One.
Child of Eden,Ubisoft,,,,"October 12, 2017",
Clannad,Prototype,,,,"December 15, 2016",Japan only.
Cloning Clyde,Microsoft Studios,XBLA,,,"November 15, 2021",
Comic Jumper: The Adventures of Captain Smiley,Microsoft Studios,XBLA,,,"June 23, 2016",
Comix Zone,Sega,XBLA,,,"April 26, 2016",Also available in Sega Genesis Classics for Xbox One.
Command & Conquer 3: Kane's Wrath,Electronic Arts,,,,"January 24, 2019",
Command & Conquer 3: Tiberium Wars,Electronic Arts,,,,"January 24, 2019",
Command & Conquer: Red Alert 3,Electronic Arts,,,,"January 24, 2019",
Command & Conquer: Red Alert 3 – Commander's Challenge,Electronic Arts,XBLA,,,"January 24, 2019",
Commanders: Attack of the Genos,Activision,XBLA,,,"April 25, 2017",
Conan,THQ,,,,"November 15, 2021",
Condemned: Criminal Origins,Sega,,,,"November 12, 2015",
Contra,Konami,XBLA,,,"April 20, 2017",Also included in the Contra Anniversary Collection for Xbox One.
Costume Quest,THQ,XBLA,,,"May 7, 2019",
Costume Quest 2,Midnight City,XBLA,,,"July 18, 2017",Also released on Xbox One.
Counter-Strike: Global Offensive,Valve,XBLA,,,"January 21, 2016",
Crackdown,Microsoft Studios,,,,"February 27, 2018",
Crackdown 2,Microsoft Game Studios,,,,"March 8, 2019",
Crazy Taxi,Sega,XBLA,,,"November 12, 2015",
Crysis,Electronic Arts,,,,"October 16, 2018",Available in The Play List on EA Play. Also remastered for Xbox One.
Crysis 2,Electronic Arts,,,,"October 16, 2018",Available in The Play List on EA Play. Also remastered for Xbox One.
Crysis 3,Electronic Arts,,,,"October 16, 2018",Available in The Play List on EA Play. Also remastered for Xbox One.
Crystal Defenders,Square Enix,XBLA,,,"July 21, 2016",
Crystal Quest,Microsoft Studios,XBLA,,,"June 23, 2016",
Cyber Troopers Virtual-On Oratorio Tangram,Sega,XBLA,,,"June 27, 2017",
Dante's Inferno,Electronic Arts,,,,"July 17, 2018",Available in The Play List on EA Play.
Dark Souls,Bandai Namco Entertainment,,,,"March 23, 2016",Available as a digital pre-order bonus with Dark Souls III. Also available in a remastered version.
Dark Void,Capcom,,,,"March 21, 2016",
The Darkness,2K Games,,,,"December 4, 2018",
The Darkness II,2K Games,,,,"January 30, 2018",
Darksiders,THQ,,,,"March 23, 2017",Remastered as Darksiders: Warmastered Edition for Xbox One.
Darksiders II,THQ,,,,"March 23, 2017",Remastered as Darksiders II: Deathinitive Edition for Xbox One.
Darwinia+,Microsoft Studios,XBLA,,,"November 15, 2021",
Daytona USA,Sega,XBLA,,,"March 21, 2017",
de Blob 2,THQ,,,,"September 8, 2016",Also released on Xbox One
Dead or Alive 4,Tecmo,,,,"November 15, 2021",
Dead Rising 2: Case West,Capcom,XBLA,,,"March 2, 2017",
Dead Rising 2: Case Zero,Capcom,XBLA,,,"March 2, 2017",
Dead Space,Electronic Arts,,,,"March 30, 2016",Available in The Play List on EA Play.
Dead Space 2,Electronic Arts,,,,"April 27, 2017",Available in The Play List on EA Play.
Dead Space 3,Electronic Arts,,,,"April 27, 2017",Available in The Play List on EA Play.
Dead Space Ignition,Electronic Arts,XBLA,,,"November 15, 2016",Available in The Play List on EA Play.
Deadfall Adventures,Nordic Games,,,,"October 26, 2017",
Deadliest Warrior: Legends,"345 Games
Spike Games",XBLA,,,"November 12, 2015",Disc version incompatible
Deadliest Warrior: The Game,Spike Games,XBLA,,,"August 8, 2017",Disc version incompatible
Deadly Premonition,Marvelous Entertainment,,,,"November 2, 2017",
Death by Cube,Square Enix,XBLA,,,"November 15, 2021",
DeathSpank: Thongs of Virtue,Electronic Arts,XBLA,,,"September 6, 2016",
Defense Grid: The Awakening,Microsoft Studios,XBLA,,,"November 12, 2015","Available to Xbox One Preview Program Members on June 15, 2015."
Deus Ex: Human Revolution,Eidos Interactive,,,,"December 17, 2015",
Deus Ex: Human Revolution Director's Cut,Eidos Interactive,Disc Only,,,"May 10, 2016",First Multi-Disc game made available.[citation needed]
Dig Dug,Bandai Namco Entertainment,XBLA,,,"May 5, 2016",Also available as part of the Xbox One Arcade Game Series.
Dirt 3,Codemasters,Disc Only,,,"November 12, 2015",
Dirt: Showdown,Codemasters,Disc Only,,,"November 12, 2015",
Discs of Tron,Disney Interactive Studios,XBLA,,,"November 12, 2015",
Disney Universe,Disney Interactive Studios,,,,"November 15, 2021",Includes 7 pre-orders characters
Divinity II,Focus Home Interactive,,,,"April 3, 2018",Only The Dragon Knight Saga version is compatible.
Domino Master,Microsoft Studios,XBLA,,,"May 24, 2016",
Doom,Bethesda Softworks,XBLA,,,"November 12, 2015","Available as a digital pre-order bonus with Doom (2016) on the Xbox store. Delisted on July 26, 2019, following the Xbox One release of Doom."
Doom 3: BFG Edition,Bethesda Softworks,Disc Only,,,"April 14, 2016",Available as a remastered version on Xbox One.
Doom II: Hell on Earth,Bethesda Softworks,XBLA,,,"November 12, 2015","Available as a digital pre-order bonus with Doom (2016) on the Xbox store. Delisted on July 26, 2019, following the Xbox One release of Doom II."
Doritos Crash Course,Microsoft Studios,XBLA,,,"December 17, 2015",
Double Dragon Neon,Majesco Entertainment,XBLA,,,"April 26, 2016",
Dragon Age: Origins,Electronic Arts,,,,"January 10, 2017",Available in The Play List on EA Play.
Dragon Age II,Electronic Arts,,,,"May 3, 2018",Available in The Play List on EA Play.
Dragon's Lair,Microsoft Studios,XBLA,,,"October 11, 2016",Also available in the Dragon's Lair Trilogy on Xbox One.
Driver: San Francisco,Ubisoft,Disc Only,,,"January 16, 2018",
DuckTales: Remastered,Capcom,,,,"May 24, 2016",
Duke Nukem Forever,2K Games,,,,"December 4, 2018",
Duke Nukem: Manhattan Project,Gearbox Software,XBLA,,,"April 12, 2016",
Dungeon Siege III,Square Enix,,,,"November 16, 2015",
Dungeons & Dragons: Chronicles of Mystara,Capcom,XBLA,,,"June 23, 2016",
Earth Defense Force 2017,D3 Publisher,,,,"November 30, 2017",
Earth Defense Force 2025,D3 Publisher,,,,"August 7, 2018",
Earth Defense Force: Insect Armageddon,D3 Publisher,,,,"July 11, 2017",
Earthworm Jim HD,Microsoft Studios,XBLA,,,"November 12, 2015",
Eat Lead: The Return of Matt Hazard,D3 Publisher,,,,"October 13, 2016",
The Elder Scrolls IV: Oblivion,Bethesda,,,,"November 29, 2016","Owners of the Game of the Year Edition and the 5th Anniversary Edition can run the game with the ""Knights of the Nine” and the “Shivering Isles” DLC using disc 2."
Elements of Destruction,THQ,XBLA,,,"November 15, 2021",
Enchanted Arms,Ubisoft,,,,"June 10, 2019",
Encleverment Experiment,Microsoft Studios,XBLA,,,"September 27, 2016",
Enslaved: Odyssey to the West,Bandai Namco Entertainment,,,,"June 10, 2019",
Epic Mickey 2: The Power of Two,Disney Interactive Studios,,,,"August 3, 2017",
Escape Dead Island,Deep Silver,,,,"November 15, 2016",
Every Extend Extra Extreme,Q Entertainment,XBLA,,,"September 27, 2016",
F.E.A.R.,Vivendi Universal Games,Disc Only,,,"November 15, 2021",
F.E.A.R. 2: Project Origin,Warner Bros. Interactive Entertainment,,,,"November 15, 2021",
F.E.A.R. 3,Warner Bros. Interactive Entertainment,,,,"November 15, 2021",
F.E.A.R. Files,Vivendi Universal Games,Disc Only,,,"November 15, 2021",
F1 2014,Codemasters,Disc Only,,,"July 11, 2017",
Fable Anniversary,Xbox Game Studios,,,,"October 5, 2017",
Fable Heroes,Microsoft Studios,XBLA,,,"June 26, 2018",
Fable II,Xbox Game Studios,,,,"November 12, 2015",
Fable II Pub Games,Microsoft Studios,XBLA,,,"October 5, 2017",
Fable III,Xbox Game Studios,,,,"December 17, 2015",
Faery: Legends of Avalon,Focus Home Interactive,XBLA,,,"May 10, 2016",
Fallout 3,Bethesda Softworks,,,,"November 12, 2015","Was also available as a bonus with purchase of Fallout 4. Also, owners of the Xbox 360 Game of the Year Edition can run the game with all the DLC using disc 2."
Fallout: New Vegas,Bethesda Softworks,,,,"June 23, 2016",Owners of the Xbox 360 Ultimate Edition can run the game with all the DLC using disc 2.[citation needed]
Far Cry 2,Ubisoft,,,,"January 16, 2018",
Far Cry 3,Ubisoft,,,,"March 30, 2017","Given to players who owned the season pass of Far Cry 5 as a bonus on May 29, 2018. Later released as a standalone product titled Far Cry 3 Classic Edition on June 26, 2018. Classic edition cannot be played multiplayer."
Far Cry 3: Blood Dragon,Ubisoft,XBLA,,,"August 9, 2016",Also available in a remastered edition.
Far Cry Classic,Ubisoft,XBLA,,,"June 10, 2019",
Far Cry Instincts: Predator,Ubisoft,,,,"June 10, 2019",
Feeding Frenzy,Electronic Arts,XBLA,,,"November 12, 2015",Available in The Play List on EA Play.
Feeding Frenzy 2: Shipwreck Showdown,PopCap Games,XBLA,,,"November 12, 2015",Available in The Play List on EA Play.
Fight Night Champion,Electronic Arts,,,,"May 15, 2018",Available in The Play List on EA Play.
Fighting Vipers,Sega,XBLA,,,"August 8, 2017",
Final Fantasy XIII,Square Enix,,,,"November 13, 2018",
Final Fantasy XIII-2,Square Enix,,,,"November 13, 2018",
Final Fight: Double Impact,Capcom,XBLA,,,"May 10, 2016",
The First Templar,Kalypso Media,,,,"November 15, 2021",
Flashback,Ubisoft,XBLA,,,"June 16, 2016",
Flock!,Capcom,XBLA,,,"July 19, 2016",
Forza Horizon,Microsoft Studios,Disc Only,,,"August 30, 2016",
Foul Play,Sold Out,XBLA,,,"June 9, 2016",
Fret Nice,Tecmo,XBLA,,,"July 21, 2016",
Frogger,Konami,XBLA,,,"April 28, 2016",
Frogger 2,Konami,XBLA,,,"May 10, 2016",
From Dust,Ubisoft,,,,"May 7, 2019",
Frontlines: Fuel of War,THQ,,,,"July 18, 2017",
Fuel,Codemasters,Disc Only,,,"January 10, 2019",
FunTown Mahjong,Microsoft Studios,XBLA,,,"September 27, 2016",
Galaga,Namco Bandai Games,XBLA,,,"February 15, 2016",Also available as part of the Xbox One Arcade Game Series.
Galaga Legions,Bandai Namco Entertainment,XBLA,,,"October 20, 2016",
Galaga Legions DX,Bandai Namco Entertainment,XBLA,,,"April 28, 2016",
Garou: Mark of the Wolves,SNK Playmore,XBLA,,,"April 12, 2016",Also released as part of the ACA NeoGeo Series for Xbox One
Gatling Gears,Intergrow,XBLA,,,"September 6, 2016",
Gears of War,Microsoft Studios,,,,"November 12, 2015","Available to Xbox One Preview Program Members on August 3, 2015. Was also available as a bonus with purchase of Gears of War: Ultimate Edition, itself a remastered version of the original game."
Gears of War 2,Microsoft Studios,,,,"November 12, 2015",Was also available as a bonus with purchase of Gears of War: Ultimate Edition.
Gears of War 3,Microsoft Studios,,,,"November 12, 2015",Was also available as a bonus with purchase of Gears of War: Ultimate Edition.
Gears of War: Judgment,Microsoft Studios,,,,"November 12, 2015",Was also available as a bonus with purchase of Gears of War: Ultimate Edition.
Geometry Wars 3: Dimensions,Sierra,XBLA,,,"May 2, 2017",Also released on Xbox One.
Geometry Wars: Retro Evolved,Microsoft Studios,XBLA,,,"February 25, 2016",
Geometry Wars: Retro Evolved 2,Activision,XBLA,,,"May 2, 2017",
Ghostbusters: Sanctum of Slime,Atari,XBLA,,,"April 26, 2016",
Ghostbusters: The Video Game,Atari,,,,"January 10, 2017",Also available as a remastered version on Xbox One
Gin Rummy,Activision,XBLA,,,"April 20, 2017",
Girl Fight,Majesco Entertainment,XBLA,,,"October 26, 2017",
Go! Go! Break Steady,Microsoft Studios,XBLA,,,"June 30, 2016",
Goat Simulator,Double Eleven Limited,XBLA,,,"October 12, 2017",Also released on Xbox One.
Golden Axe,Sega,XBLA,,,"November 12, 2015",Also available in Sega Genesis Classics for Xbox One.
Golf: Tee It Up!,Activision,XBLA,,,"April 20, 2017",
Grand Theft Auto IV,Rockstar Games,,,,"February 9, 2017","Including ""Episodes From Liberty City"" DLC expansions: The Lost and Damned and The Ballad of Gay Tony."
Grand Theft Auto: San Andreas,Rockstar Games,,,,"June 7, 2018",Also available in Grand Theft Auto: The Trilogy – The Definitive Edition. Original version was delisted following this but was added back as of December 2021.
Greg Hastings Paintball 2,Majesco Entertainment,Disc Only,,,"September 18, 2018",
Grid 2,Codemasters,Disc Only,,,"March 21, 2016",
Grid Autosport,Codemasters,,,,"June 26, 2018",
GripShift,Microsoft Studios,XBLA,,,"June 30, 2016",
Guardian Heroes,Sega,XBLA,,,"November 8, 2016",
Gunstar Heroes,Sega,XBLA,,,"April 6, 2016",Also available in Sega Genesis Classics for Xbox One.
Guwange,CAVE,XBLA,,,"September 29, 2016",
Gyromancer,Square Enix,XBLA,,,"February 23, 2017",
Gyruss,Konami,XBLA,,,"July 25, 2017",
Half-Minute Hero: Super Mega Neo Climax,Microsoft Studios,XBLA,,,"July 19, 2016",
Halo 3,Microsoft Studios,Disc Only,,,"September 21, 2017",Remastered version available in Halo: The Master Chief Collection.
Halo 3: ODST Campaign Edition,Microsoft Studios,Disc Only,,,"September 21, 2017",Remastered version available in Halo: The Master Chief Collection via downloadable content.
Halo 4,Microsoft Studios,Disc Only,,,"September 21, 2017",Remastered version available in Halo: The Master Chief Collection.
Halo: Combat Evolved Anniversary,Microsoft Studios,Disc Only,,,"September 21, 2017",Remastered version available in Halo: The Master Chief Collection.
Halo: Reach,Microsoft Studios,Disc Only,,,"December 17, 2015",Remastered version available in Halo: The Master Chief Collection via downloadable content.
Halo: Spartan Assault,Microsoft Studios,XBLA,,,"November 12, 2015",Also released for Xbox One.
Halo Wars,Microsoft Studios,Disc Only,,,"March 28, 2016",Remastered version available in Halo Wars: Definitive Edition.
Hard Corps: Uprising,Konami,XBLA,,,"May 4, 2017",
Hardwood Backgammon,Microsoft Studios,XBLA,,,"November 12, 2015",
Hardwood Hearts,Microsoft Studios,XBLA,,,"November 12, 2015",
Hardwood Spades,Microsoft Studios,XBLA,,,"November 12, 2015",
Harms Way,Microsoft Studios,XBLA,,,"May 4, 2017",
Haunted House,Atari,XBLA,,,"December 1, 2016",
Heavy Weapon,Electronic Arts,XBLA,,,"November 12, 2015",Available in The Play List on EA Play.
Hexic 2,Microsoft Studios,XBLA,,,"May 24, 2016",
Hexic HD,Microsoft Studios,XBLA,,,"November 12, 2015","Available to Xbox One Preview Program Members on June 15, 2015. This originally bundled Xbox 360 game can now be downloaded for free in certain regions from the Xbox store here [1]. Transferring from an Xbox 360 requires that the game be uninstalled from the 360 first and then installed onto the Xbox One."
Hitman: Absolution,Square Enix,,,,"February 14, 2017",Hitman: Sniper Challenge pre-order bonus is also compatible. Also available in the Hitman HD Enhanced Collection for Xbox One.
Hitman: Blood Money,IO Interactive,,,,"March 6, 2018",Also available in the Hitman HD Enhanced Collection for Xbox One.
Hitman HD Trilogy,IO Interactive,,,,"May 9, 2019",HD versions of Hitman 2: Silent Assassin and Hitman: Contracts. Collection also includes already-released Xbox 360 title Hitman: Blood Money.
Hydro Thunder Hurricane,Microsoft Studios,XBLA,,,"December 17, 2015",
Hydrophobia,Microsoft Studios,XBLA,,,"February 26, 2019",
I Am Alive,Ubisoft,XBLA,,,"June 23, 2016",
Ikaruga,Microsoft Studios,XBLA,,,"November 12, 2015",
ilomilo,Microsoft Studios,XBLA,,,"May 23, 2017",
Infinite Undiscovery,Square Enix,,,,"June 10, 2019",
Injustice: Gods Among Us,Warner Bros. Interactive Entertainment,,,,"December 1, 2016",
Insanely Twisted Shadow Planet,Microsoft Studios,XBLA,,,"April 4, 2017",
Interpol: The Trail of Dr. Chaos,Microsoft Studios,XBLA,,,"July 14, 2016",
Iron Brigade,Microsoft Studios,XBLA,,,"December 17, 2015",
Islands of Wakfu,Microsoft Studios,XBLA,,,"November 15, 2021",
Jeremy McGrath's Offroad,D3 Publisher,XBLA,,,"January 21, 2016",
Jet Set Radio HD,Sega,XBLA,,,"May 3, 2016"
Jetpac Refuelled,Microsoft Studios,XBLA,,,"November 12, 2015","Available to Xbox One Preview Program Members on June 15, 2015. Also included as part of the Rare Replay collection of games."
Jewel Quest,Microsoft Studios,XBLA,,,"November 14, 2017",
Joe Danger 2: The Movie,Microsoft Studios,XBLA,,,"October 20, 2016",
Joe Danger: Special Edition,Microsoft Studios,XBLA,,,"June 23, 2016",
Joust,Warner Bros. Interactive Entertainment,XBLA,,,"August 25, 2016",
Joy Ride Turbo,Microsoft Studios,XBLA,,,"November 12, 2015",
JUJU,Nordic Games,XBLA,,,"January 31, 2017",
Jurassic Park: The Game,Telltale Games,Disc Only,,,"October 11, 2016",
Just Cause,Eidos Interactive,,,,"October 30, 2018",The Original Xbox version is not compatible
Just Cause 2,Square Enix,,,,"November 12, 2015",Also available as a bonus with purchase of successor Just Cause 3.
Kameo: Elements of Power,Microsoft Studios,,,,"November 12, 2015","Available to Xbox One Preview Program Members on June 15, 2015. Also included as part of the Rare Replay collection of games."
Kane & Lynch 2: Dog Days,Square Enix,,,,"December 17, 2015",
Killer Is Dead,XSEED Games,,,,"October 27, 2016",
A Kingdom for Keflings,Microsoft Studios,XBLA,,,"November 12, 2015","Available to Xbox One Preview Program Members on June 15, 2015."
Kingdoms of Amalur: Reckoning,Electronic Arts,Disc Only,,,"November 29, 2018",Also available as Kingdoms of Amalur: Re-Reckoning for Xbox One.
The King of Fighters '98 Ultimate Match,SNK Playmore,XBLA,,,"March 28, 2016",
The King of Fighters 2002 Unlimited Match,SNK Playmore,XBLA,,,"February 23, 2017",
King of Fighters: Sky Stage,SNK Playmore,XBLA,,,"October 12, 2017",
The King of Fighters XIII,SNK,,,,"February 12, 2019",
Lara Croft and the Guardian of Light,Crystal Dynamics,XBLA,,,"February 20, 2018",
Lazy Raiders,Microsoft Studios,XBLA,,,"June 7, 2016",
Left 4 Dead,Valve,,,,"June 16, 2016",
Left 4 Dead 2,Valve,,,,"March 29, 2016",
Lego Batman 2: DC Super Heroes,Warner Bros. Interactive Entertainment,,,,"January 31, 2019",
Lego Batman: The Videogame,Warner Bros. Interactive Entertainment,,,,"February 11, 2016",
Lego Indiana Jones 2: The Adventure Continues,Disney Interactive Studios,,,,"January 25, 2018",
Lego Indiana Jones: The Original Adventures,Disney Interactive Studios,,,,"February 7, 2017",
Lego The Lord of the Rings,Warner Bros. Interactive Entertainment,Disc Only,,,"November 15, 2021",
Lego Pirates of the Caribbean: The Video Game,Disney Interactive Studios,,,,"November 12, 2015",
Lego Star Wars: The Complete Saga,Disney Interactive Studios,,,,"November 12, 2015",
Lego Star Wars II: The Original Trilogy,Disney Interactive Studios,,,,"October 23, 2018",
Lego Star Wars III: The Clone Wars,Disney Interactive Studios,,,,"March 6, 2018",
Lightning Returns: Final Fantasy XIII,Square Enix,,,,"November 13, 2018",
Limbo,Microsoft Studios,XBLA,,,"November 3, 2016",Also released on Xbox One.
Lode Runner,Microsoft Studios,XBLA,,,"November 12, 2015",
Lost Odyssey,Microsoft Studios,,,,"September 29, 2016",
Lost Planet 2,Capcom,,,,"February 21, 2019",
Lost Planet 3,Capcom,,,,"February 21, 2019",
Lost Planet: Colonies,Capcom,,,,"February 21, 2019",
Lost Planet: Extreme Condition,Capcom,Disc Only,,,"February 21, 2019",
Lumines Live!,Microsoft Studios,XBLA,,,"November 12, 2015",
Luxor 2,Microsoft Studios,XBLA,,,"March 16, 2017",
Madballs in Babo: Invasion,Microsoft Studios,XBLA,,,"March 16, 2017",
Mad Tracks,Microsoft Studios,XBLA,,,"January 31, 2017",
Mafia II,2K Games,,,,"February 13, 2018",Owners of the Classics Edition can run the game with all the DLC using disc 2. Also available as Mafia II: Definitive Edition for Xbox One.
Magic: The Gathering - Duels of the Planeswalkers,Microsoft Studios,XBLA,,,"January 18, 2018",
Magic: The Gathering - Duels of the Planeswalkers 2012,Microsoft Studios,XBLA,,,"May 24, 2016",
Magic: The Gathering - Duels of the Planeswalkers 2013,Microsoft Studios,XBLA,,,"January 18, 2018",
Magic: The Gathering – Duels of the Planeswalkers 2014,Microsoft Studios,XBLA,,,"January 18, 2018",
Marathon 2: Durandal,Microsoft Studios,XBLA,,,"February 26, 2019",
Marlow Briggs and the Mask of Death,505 Games,XBLA,,,"November 28, 2017",
Mars: War Logs,Focus Home Interactive,XBLA,,,"June 30, 2016",
Mass Effect,Microsoft Studios,,,,"November 12, 2015","Available to Xbox One Preview Program Members on June 15, 2015. Available in The Play List on EA Play. Also available in the Mass Effect Legendary Edition collection."
Mass Effect 2,Electronic Arts,,,,"November 7, 2016",Available in The Play List on EA Play. Also available in the Mass Effect Legendary Edition collection.
Mass Effect 3,Electronic Arts,,,,"November 7, 2016",Available in The Play List on EA Play. Also available in the Mass Effect Legendary Edition collection.
Matt Hazard: Blood Bath and Beyond,D3 Publisher,XBLA,,,"May 23, 2017",
The Maw,Microsoft Studios,XBLA,,,"September 15, 2016",
Max Payne 3,Rockstar Games,,,,"November 15, 2021",
Medal of Honor: Airborne,Electronic Arts,,,,"November 29, 2016",Available in The Play List on EA Play.
Meet the Robinsons,Disney Interactive Studios,,,,"March 2, 2017",
Mega Man 9,Capcom,XBLA,,,"January 12, 2017",Also available in the Mega Man Legacy Collection 2 for Xbox One.
Mega Man 10,Capcom,XBLA,,,"January 12, 2017",Also available in the Mega Man Legacy Collection 2 for Xbox One.
Metal Gear Rising: Revengeance,Konami,,,,"August 15, 2017",
Metal Gear Solid HD Collection,Konami,Disc Only (temporary),,,"October 9, 2018","HD versions of Metal Gear Solid 2: Sons of Liberty and Metal Gear Solid 3: Snake Eater can either be bought separately digitally or on the disc for the HD Collection. As of November 2021, digital versions have been temporarily delisted due to expired licenses."
Metal Gear Solid: Peace Walker - HD Edition,Konami,,,,"March 13, 2018","Stand-alone disc from the Metal Gear Solid HD Collection is also compatible. Listed as ""MGS PW HD"" on the Xbox store. Searching ""Peace Walker"" will return no results."
Metal Slug 3,SNK Playmore,XBLA,,,"November 12, 2015",Also released as part of the ACA NeoGeo Series for Xbox One
Metal Slug XX,SNK Playmore,XBLA,,,"November 12, 2015",
Midnight Club: Los Angeles,Rockstar Games,,,,"June 7, 2018",The Complete Edition will be downloaded when a physical copy of the standard edition is used.
Midway Arcade Origins,Warner Bros. Interactive Entertainment,,,,"January 19, 2017",
Might & Magic: Clash of Heroes,Ubisoft,XBLA,,,"November 12, 2015",
Military Madness: Nectaris,Hudson Soft,XBLA,,,"November 17, 2016",
Mini Ninjas,Square Enix,,,,"November 15, 2021",
Mirror's Edge,Electronic Arts,,,,"November 12, 2015",Available in The Play List on EA Play.
The Misadventures of P.B. Winterbottom,2K Play,XBLA,,,"January 30, 2018",
Missile Command,Atari,XBLA,,,"November 12, 2015",Also available as part of Atari Flashback Classics Volume 2 for Xbox One.
Monaco: What's Yours Is Mine,Majesco Entertainment,XBLA,,,"April 14, 2016",
Monday Night Combat,Microsoft Studios,XBLA,,,"November 12, 2015",
Monkey Island 2 Special Edition: LeChuck's Revenge,Disney Interactive Studios,XBLA,,,"November 12, 2015",
Monopoly Deal,Ubisoft,XBLA,,,"September 14, 2017",Also released on Xbox One.
Monopoly Plus,Ubisoft,XBLA,,,"June 9, 2016",Also released on Xbox One.
Moon Diver,Square Enix,XBLA,,,"February 23, 2017",
Mortal Kombat,Warner Bros. Interactive Entertainment,Disc Only,,,"November 15, 2021",
Mortal Kombat vs. DC Universe,Midway Games,Disc Only,,,"November 15, 2021",
Motocross Madness,Microsoft Studios,XBLA,,,"December 17, 2015",
Mr. Driller Online,Namco,XBLA,,,"August 2, 2016",
Ms. Pac-Man,Bandai Namco Entertainment,XBLA,,,"December 17, 2015",Also available as part of the Xbox One Arcade Game Series.
Ms. Splosion Man,Microsoft Studios,XBLA,,,"November 12, 2015",
Mutant Storm Empire,Microsoft Studios,XBLA,,,"January 19, 2017",
Mutant Storm Reloaded,Microsoft Studios,XBLA,,,"October 26, 2017",
MX vs. ATV Alive,THQ,,,,"November 15, 2021",
MX vs. ATV Reflex,THQ,,,,"May 3, 2016",
MX vs. ATV Untamed,THQ,,,,"November 15, 2021",
N+,Microsoft Studios,XBLA,,,"November 12, 2015","Available to Xbox One Preview Program Members on June 16, 2015."
NBA Jam: On Fire Edition,Electronic Arts,XBLA,,,"November 12, 2015",
NeoGeo Battle Coliseum,SNK Playmore,XBLA,,,"July 21, 2016",
New Rally-X,Bandai Namco Entertainment,XBLA,,,"August 2, 2016",
Nier,Square Enix,,,,"November 15, 2021",Also available in a remastered version named Nier Replicant ver.1.22474487139... for Xbox One.
Nights into Dreams,Sega,XBLA,,,"November 12, 2015",
Nin2-Jump,CAVE,XBLA,,,"August 2, 2016",
Ninja Gaiden 3: Razor's Edge,Koei Tecmo,,,,"May 2, 2019",Also available in the Ninja Gaiden Master Collection for Xbox One.
Ninja Gaiden II,Tecmo,,,,"April 16, 2019",Also available as an enhanced port known as Ninja Gaiden Sigma 2 in the Ninja Gaiden Master Collection for Xbox One.
Novadrome,Microsoft Studios,XBLA,,,"November 15, 2021",
Of Orcs and Men,Focus Home Interactive,,,,"September 8, 2016",Only available in some regions.
Omega Five,Hudson Soft,XBLA,,,"November 17, 2016",
Onechanbara: Bikini Samurai Squad,D3 Publisher,,,,"November 15, 2021",
Operation Flashpoint: Dragon Rising,Codemasters,,,,"November 12, 2015",
Operation Flashpoint: Red River,Codemasters,,,,"November 8, 2016",Only available digitally on the Japanese Xbox Marketplace.
The Orange Box,Valve,,,,"October 20, 2016",
Orcs Must Die!,Microsoft Studios,XBLA,,,"February 12, 2019",
The Outfit,THQ,,,,"November 15, 2021",
Outland,Ubisoft,XBLA,,,"April 6, 2016",
Outpost Kaloki X,Microsoft Studios,,,,"November 15, 2021",
Overlord,Codemasters,Disc Only,,,"July 10, 2018",
Overlord II,Codemasters,Disc Only,,,"July 10, 2018",
Pac-Man,Bandai Namco Entertainment,XBLA,,,"March 17, 2016",Also available as part of the Xbox One Arcade Game Series.
Pac-Man Championship Edition,Bandai Namco Entertainment,XBLA,,,"November 12, 2015",
Pac-Man Championship Edition DX,Bandai Namco Entertainment,XBLA,,,"November 12, 2015",
Pac-Man Museum,Bandai Namco Entertainment,XBLA,,,"July 21, 2016",
Peggle,PopCap Games,XBLA,,,"December 17, 2015",Available in The Play List on EA Play.
Peggle 2,Electronic Arts,XBLA,,,"November 28, 2017",Available in The Play List on EA Play. Also released on Xbox One.
Perfect Dark,Microsoft Studios,XBLA,,,"November 12, 2015","Available to Xbox One Preview Program Members on June 15, 2015. Also included as part of the Rare Replay collection of games."
Perfect Dark Zero,Microsoft Studios,,,,"November 12, 2015","Available to Xbox One Preview Program Members on June 15, 2015. Also included as part of the Rare Replay collection of games."
Persona 4 Arena,Atlus,,,,"November 14, 2017",
Peter Jackson's King Kong,Ubisoft,Disc Only,,,"June 10, 2019",
Phantasy Star II,Sega,XBLA,,,"May 5, 2016",Also available in Sega Genesis Classics for Xbox One.
Phantom Breaker: Battle Grounds,Mages,XBLA,,,"November 12, 2015",
Pinball FX,Microsoft Studios,XBLA,,,"November 12, 2015",
Planets Under Attack,Topware Interactive,XBLA,,,"December 15, 2016",
Plants vs. Zombies,PopCap Games,XBLA,,,"November 12, 2015",Available in The Play List on EA Play.
Port Royale 3: Pirates & Merchants,Kalypso Media,,,,"January 31, 2019",
Portal 2,Valve,,,,"June 16, 2016",
Portal: Still Alive,Valve,XBLA,,,"December 17, 2015",
Prey,2K Games,,,,"February 13, 2018",
Prince of Persia,Ubisoft,,,,"August 7, 2018",
Prince of Persia: The Forgotten Sands,Ubisoft,,,,"June 10, 2019",
Prince of Persia Classic,Ubisoft,XBLA,,,"November 12, 2015",
Pure,Disney Interactive Studios,Disc Only,,,"November 22, 2016",
Putty Squad,System 3 Software Limited,XBLA,,,"November 12, 2015",
Puzzle Quest 2,D3 Publisher,XBLA,,,"October 4, 2016",
Puzzle Quest: Challenge of the Warlords,D3 Publisher,XBLA,,,"October 13, 2016",
Puzzle Quest: Galactrix,D3 Publisher,XBLA,,,"October 4, 2016",
Puzzlegeddon,Tecmo,XBLA,,,"May 10, 2016",
Qix++,Taito Corporation,XBLA,,,"September 8, 2016",
Quake Arena Arcade,Bethesda Softworks,XBLA,,,"November 15, 2021",
Quantum Conundrum,Square Enix,XBLA,,,"July 18, 2017",
R-Type Dimensions,Microsoft Studios,XBLA,,,"November 12, 2015",
Radiant Silvergun,Microsoft Studios,XBLA,,,"June 27, 2017",
Rage,Bethesda Softworks,,,,"October 27, 2016",
Raiden IV,Moss,XBLA,,,"July 25, 2017",
Raskulls,Microsoft Studios,XBLA,,,"December 15, 2016",
RAW: Realms of Ancient War,Focus Home Interactive,XBLA,,,"November 15, 2021",
Rayman 3 HD,Ubisoft,XBLA,,,"November 12, 2015",
Rayman Legends,Ubisoft,,,,"November 22, 2016",Also released on Xbox One
Rayman Origins,Ubisoft,,,,"April 21, 2016",
Rayman Raving Rabbids,Ubisoft,,,,"January 10, 2019",
Red Dead Redemption,Rockstar Games,,,,"July 8, 2016","Standard, ""Game of the Year"" and ""Undead Nightmare"" editions are all compatible."
Red Faction: Armageddon,THQ,,,,"July 25, 2017",
Red Faction: Battlegrounds,THQ,XBLA,,,"June 23, 2016",
Resident Evil Code: Veronica X,Capcom,XBLA,,,"February 21, 2019",
Resident Evil: Operation Raccoon City,Capcom,,,,"November 15, 2021",
Ridge Racer 6,Namco,,,,"November 15, 2021",Digital version can only be bought in US Store. Other regions have to use a physical disc to play the game or change console to USA region and purchase with USA gift cards
Rio,THQ,Disc Only,,,"November 15, 2021",
Risen,Deep Silver,,,,"November 15, 2021",
Risen 2: Dark Waters,Deep Silver,,,,"November 15, 2021",
RoboBlitz,Microsoft Studios,XBLA,,,"April 20, 2017",
Rock of Ages,Atlus,XBLA,,,"November 15, 2021",
Rocket Knight,Konami,XBLA,,,"January 26, 2017",
Rockstar Games Presents Table Tennis,Rockstar Games,,,,"June 7, 2018",
R.U.S.E.,Ubisoft,Disc Only,,,"July 17, 2018",
Rumble Roses XX,Konami,,,,"September 11, 2018",
Runner2,Aksys Games,XBLA,,,"May 5, 2016",
Sacred 2: Fallen Angel,Deep Silver,,,,"November 15, 2021",
Sacred 3,Deep Silver,,,,"December 16, 2015",
Sacred Citadel,Deep Silver,XBLA,,,"November 12, 2015",
Saints Row,Koch Media,,,,"May 29, 2018",
Saints Row 2,Koch Media,,,,"May 1, 2018",
Saints Row: Gat out of Hell,Deep Silver,,,,"May 29, 2018",Also released on Xbox One
Saints Row: The Third,Koch Media,,,,"September 14, 2017",Also released as Saints Row: The Third Remastered for Xbox One and Series X/S.
Saints Row IV,Deep Silver,,,,"March 31, 2016",Also released on Xbox One
Sam & Max Beyond Time and Space,Microsoft Studios,XBLA,,,"February 11, 2016",Also available as a remastered version on Xbox One.
Sam & Max Save the World,Microsoft Studios,XBLA,,,"January 21, 2016",Also available as a remastered version on Xbox One.
Samurai Shodown II,SNK Playmore,XBLA,,,"May 5, 2016",Also released as part of the ACA NeoGeo Series for Xbox One
Scarygirl,Square Enix,XBLA,,,"November 10, 2016",
Scramble,Konami,XBLA,,,"November 15, 2021",
Scrap Metal,Microsoft Studios,XBLA,,,"January 10, 2017",
Screamride,Microsoft Studios,,,,"August 15, 2017",Also released on Xbox One
Screwjumper!,THQ,XBLA,,,"November 15, 2021",
The Secret of Monkey Island: Special Edition,Disney Interactive Studios,XBLA,,,"November 12, 2015",
Sega Bass Fishing,Sega,XBLA,,,"June 9, 2016",
"Sega Vintage Collection: Alex Kidd & Co.
(Alex Kidd in Miracle World, Super Hang-On, The Revenge of Shinobi)",Sega,XBLA,,,"November 12, 2015",The Revenge of Shinobi also available in Sega Genesis Classics for Xbox One.
"Sega Vintage Collection: Golden Axe
(Golden Axe, II, III)",Sega,XBLA,,,"November 12, 2015",Games are also available in Sega Genesis Classics for Xbox One.
"Sega Vintage Collection: Monster World
(Wonder Boy in Monster Land, Wonder Boy in Monster World, Monster World IV)",Sega,XBLA,,,"November 12, 2015",Wonder Boy in Monster World also available in Sega Genesis Classics for Xbox One.
"Sega Vintage Collection: Streets of Rage
(Streets of Rage, 2, 3)",Sega,XBLA,,,"November 12, 2015","Can be set to Japanese regardless of region. Available to Xbox One Preview Program Members on October 27, 2015. Games are also available in Sega Genesis Classics for Xbox One."
"Sega Vintage Collection: ToeJam & Earl
(ToeJam & Earl and ToeJam & Earl in Panic on Funkotron)",Sega,XBLA,,,"August 3, 2017",Games are also available in Sega Genesis Classics for Xbox One.
Sensible World of Soccer,Codemasters,XBLA,,,"June 26, 2018",
Shadow Assault: Tenchu,From Software,XBLA,,,"May 23, 2017",
Shadow Complex,Microsoft Studios,XBLA,,,"November 12, 2015","Available to Xbox One Preview Program Members on August 3, 2015. Also available in a remastered version for Xbox One."
Shadowrun,Microsoft Studios,,,,"December 8, 2016",
Shadows of the Damned,Electronic Arts,Disc Only,,,"January 26, 2017",
Shank 2,Electronic Arts,XBLA,,,"August 11, 2016",
Shinobi,Sega,XBLA,,,"May 23, 2017",
Shotest Shogi,Microsoft Studios,XBLA,,,"December 8, 2016",
Shred Nebula,Microsoft Studios,XBLA,,,"October 27, 2016",
Sid Meier's Civilization Revolution,2K Games,,,,"April 4, 2017",
Silent Hill: Downpour,Konami,Disc Only,,,"October 13, 2016",
Silent Hill: Homecoming,Konami,,,,"July 24, 2018",
Silent Hill HD Collection,Konami,,,,"July 24, 2018",Includes remastered versions of Silent Hill 2 & Silent Hill 3.
Sine Mora,Nordic Games,XBLA,,,"August 7, 2018",Also available as Sine Mora EX for Xbox One.
Skate,Electronic Arts,,,,"June 10, 2019",Available in The Play List on EA Play.
Skate 2,Electronic Arts,,,,"November 15, 2021",
Skate 3,Electronic Arts,,,,"November 10, 2016",Available in The Play List on EA Play.
Skullgirls: Encore,MarvelousAQL,XBLA,,,"January 21, 2016",
Skydive: Proximity Flight,TopWare Interactive,XBLA,,,"December 15, 2016",
Slender: The Arrival,Midnight City,XBLA,,,"September 14, 2017",Also released on Xbox One
Small Arms,Microsoft Studios,XBLA,,,"January 21, 2016",
Sniper Elite V2,505 Games,,,,"January 16, 2018",Also available as Sniper Elite V2 Remastered for Xbox One.
Soltrio Solitaire,Xbox Game Studios,XBLA,,,"March 28, 2017"
Sonic & All-Stars Racing Transformed,Sega,,,,"October 4, 2016",
Sonic & Knuckles,Sega,XBLA,,,"May 5, 2016",Supports Sonic 3 & Knuckles for those that also owned Sonic 3. Also available in the Sonic Origins compilation for Xbox One and Series X/S.
Sonic Adventure,Sega,XBLA,,,"September 28, 2017",
Sonic Adventure 2,Sega,XBLA,,,"November 30, 2017"
Sonic CD,Sega,XBLA,,,"November 12, 2015",Also available in the Sonic Origins compilation for Xbox One and Series X/S.
Sonic Generations,Sega,,,,"April 10, 2018",
Sonic the Fighters,Sega,XBLA,,,"April 12, 2016",
Sonic the Hedgehog,Sega,XBLA,,,"November 12, 2015",Supports Blue Sphere for those that also owned Sonic & Knuckles. Also available in Sega Genesis Classics and in the Sonic Origins compilation for Xbox One and Series X/S.
Sonic the Hedgehog 2,Sega,XBLA,,,"November 12, 2015",Supports Knuckles in Sonic 2 for those that also own Sonic & Knuckles. Also available in Sega Genesis Classics and in the Sonic Origins compilation for Xbox One and Series X/S.
Sonic the Hedgehog 3,Sega,XBLA,,,"November 12, 2015",Supports Sonic 3 & Knuckles for those that also owned Sonic & Knuckles. Also available in the Sonic Origins compilation for Xbox One and Series X/S.
Sonic the Hedgehog 4: Episode I,Sega,XBLA,,,"July 21, 2016",
Sonic the Hedgehog 4: Episode II,Sega,XBLA,,,"July 21, 2016",
Sonic Unleashed,Sega,,,,"November 29, 2018",
Soulcalibur,Namco,XBLA,,,"January 21, 2016",
SoulCalibur II HD Online,Namco Bandai Games,XBLA,,,"March 28, 2016",
South Park: The Stick of Truth,Ubisoft,,,,"November 12, 2015",Also released on Xbox One
Space Ark,Microsoft Studios,XBLA,,,"December 8, 2016",
Space Giraffe,Microsoft Studios,XBLA,,,"January 21, 2016",
Space Invaders Infinity Gene,Square Enix,XBLA,,,"February 23, 2017",
Spec Ops: The Line,2K Games,,,,"January 30, 2018",
Spelunky,Microsoft Studios,XBLA,,,"December 17, 2015"
The Splatters,Microsoft Studios,XBLA,,,"January 10, 2017",
Split/Second,Disney Interactive Studios,,,,"January 25, 2018",
'Splosion Man,Microsoft Studios,XBLA,,,"December 17, 2015",
SpongeBob’s Truth or Square,THQ,,,,"November 15, 2021",
SpongeBob SquarePants: Underpants Slam,THQ,XBLA,,,"November 15, 2021",
SSX,EA Sports,,,,"May 26, 2016",Available in The Play List on EA Play.
Stacking,THQ,XBLA,,,"March 21, 2017",
Star Ocean: The Last Hope,Square Enix,,,,"June 10, 2019",
Star Wars: The Force Unleashed,Disney Interactive Studios,,,,"May 4, 2016",
Star Wars: The Force Unleashed II,Disney Interactive Studios,,,,"May 4, 2016",
Steins;Gate,Mages,,,,"May 18, 2017",Japan only.
Steins;Gate: Hiyoku Renri no Darling,Mages,,,,"May 18, 2017",Japan only.
Steins;Gate: Senkei Kōsoku no Phenogram,Mages,,,,"May 18, 2017",Japan only.
Strania,G.rev,XBLA,,,"January 10, 2017",
Street Fighter IV,Capcom,,,,"March 16, 2017",
Stuntman: Ignition,THQ,,,,"January 31, 2017",
Super Contra,Konami,XBLA,,,"September 14, 2017",Also included in the Contra Anniversary Collection for Xbox One.
Super Meat Boy,Microsoft Studios,XBLA,,,"November 12, 2015","Available to Xbox One Preview Program Members on June 15, 2015."
Super Puzzle Fighter II Turbo HD Remix,Capcom,XBLA,,,"June 10, 2019","Digital only, Physical version not supported via BC."
Super Street Fighter IV,Capcom,Disc Only,,,"July 13, 2017",
Super Street Fighter IV: Arcade Edition,Capcom,,,,"July 13, 2017",
Supreme Commander 2,Square Enix,,,,"November 12, 2015",
Switchball,Activision,XBLA,,,"November 15, 2021",
Syberia,Bandai Namco Games,XBLA,,,"July 26, 2016",
Syndicate,Electronic Arts,Disc Only,,,"June 10, 2019",
Tales from Space: Mutant Blobs Attack,Midnight City,XBLA,,,"November 12, 2015",
Tecmo Bowl Throwback,Tecmo Koei,XBLA,,,"November 14, 2017",
Tekken 6,Namco Bandai Games,,,,"January 19, 2017",Also available as a bonus with purchase of Tekken 7.
Tekken Tag Tournament 2,Bandai Namco Entertainment,,,,"March 23, 2016",
Texas Hold 'Em,Microsoft Studios,XBLA,,,"May 3, 2016",
Thrillville: Off the Rails,Disney Interactive Studios,,,,"November 15, 2021",
Ticket to Ride,Microsoft Studios,XBLA,,,"December 17, 2015",Also released on Xbox One
Time Pilot,Konami,XBLA,,,"November 15, 2021",
TimeShift,Vivendi Universal Games,,,,"April 25, 2017",
Tom Clancy's EndWar,Ubisoft,,,,"November 6, 2018",
Tom Clancy's Ghost Recon Advanced Warfighter,Ubisoft,,,,"July 3, 2018",
Tom Clancy's Ghost Recon Advanced Warfighter 2,Ubisoft,,,,"March 26, 2019",
Tom Clancy's Ghost Recon: Future Soldier,Ubisoft,,,,"March 13, 2018",
Tom Clancy's H.A.W.X,Ubisoft,Disc Only,,,"November 6, 2018",
Tom Clancy's Rainbow Six: Vegas,Ubisoft,,,,"November 12, 2015",It was also available as a bonus with purchase of Tom Clancy's Rainbow Six Siege until 2017.
Tom Clancy's Rainbow Six: Vegas 2,Ubisoft,,,,"November 12, 2015",It was also available as a bonus with purchase of Tom Clancy's Rainbow Six Siege until 2017.
Tom Clancy's Splinter Cell: Blacklist,Ubisoft,,,,"July 31, 2018",
Tom Clancy's Splinter Cell: Conviction,Ubisoft,,,,"February 8, 2018",
Tom Clancy's Splinter Cell: Double Agent,Ubisoft,,,,"July 31, 2018",
Tomb Raider: Anniversary,Crystal Dynamics,,,,"August 14, 2018",
Tomb Raider: Legend,Crystal Dynamics,,,,"August 14, 2018",
Tomb Raider: Underworld,Crystal Dynamics,,,,"July 27, 2017",
Too Human,Microsoft Studios,,,,"June 10, 2019",
Torchlight,Microsoft Studios,XBLA,,,"November 12, 2015",
Tour de France 2009: The Official Game,Focus Home Interactive,XBLA,,,"July 19, 2016",Only available in some regions.
Tour de France 2011,Focus Home Interactive,,,,"October 11, 2016",Only available in some regions.
Tower Bloxx Deluxe,Microsoft Studios,XBLA,,,"March 21, 2017",
Toy Soldiers,Microsoft Studios,XBLA,,,"November 12, 2015","Available to Xbox One Preview Program Members on June 15, 2015. Also available as a remastered version on Xbox One."
Toy Soldiers: Cold War,Microsoft Studios,XBLA,,,"November 12, 2015","Available to Xbox One Preview Program Members on June 15, 2015."
Toy Story 3,Disney Interactive Studios,,,,"September 29, 2016",
Toy Story Mania!,Disney Interactive Studios,,,,"November 15, 2021",
Toybox Turbos,Codemasters,,,,"May 29, 2018",
Trials Evolution,Microsoft Studios,XBLA,,,"May 2, 2019",
Trials HD,Microsoft Studios,XBLA,,,"February 11, 2016",
Triggerheart Exelica,Microsoft Studios,XBLA,,,"July 28, 2016",
Trine 2,Atlus,XBLA,,,"November 29, 2016",Also released on Xbox One.
Tron: Evolution,Disney Interactive Studios,,,,"November 12, 2015",
Tropico 4,Kalypso Media,,,,"October 23, 2018",
Ugly Americans: Apocalypsegeddon,"345 Games
Comedy Central",XBLA,,,"November 12, 2015",
Ultra Street Fighter IV,Capcom,Disc Only,,,"July 13, 2017",
Unbound Saga,Microsoft Studios,XBLA,,,"May 24, 2016",
Undertow,Microsoft Studios,XBLA,,,"September 14, 2017",
Unreal Tournament 3,Midway Games,,,,"June 10, 2019",
Vandal Hearts: Flames of Judgment,Konami,XBLA,,,"November 15, 2021",
Vanquish,Sega,,,,"February 20, 2018",Also available as a remastered version on Xbox One.
Virtua Fighter 2,Sega,XBLA,,,"July 18, 2017",
Virtua Fighter 5: Final Showdown,Sega,XBLA,,,"September 15, 2016",
Cyber Troopers Virtual-On,Sega,XBLA,,,"September 14, 2017",Japan only.
Viva Piñata,Microsoft Studios,,,,"November 12, 2015","Available to Xbox One Preview Program Members on June 15, 2015. Also included as part of the Rare Replay collection of games."
Viva Piñata: Party Animals,Microsoft Studios,,,,"November 15, 2021",
Viva Piñata: Trouble in Paradise,Microsoft Studios,,,,"November 12, 2015","Available to Xbox One Preview Program Members on June 15, 2015. Also included as part of the Rare Replay collection of games."
The Walking Dead,Telltale Games,,,,"August 29, 2017",Also released on Xbox One.
The Walking Dead: Michonne,Telltale Games,XBLA,,,"August 29, 2017",Also released on Xbox One
The Walking Dead: Season Two,Telltale Games,,,,"August 29, 2017",Also released on Xbox One
Warlords,Atari,XBLA,,,"November 15, 2021",Also available as part of Atari Flashback Classics Volume 1 for Xbox One.
The Witcher 2: Assassins of Kings,CD Projekt Red,,,,"January 21, 2016",
Wolf of the Battlefield: Commando 3,Capcom,XBLA,,,"June 27, 2017",
Wolfenstein 3D,Bethesda Softworks,XBLA,,,"November 12, 2015",
Word Puzzle,Microsoft Studios,XBLA,,,"September 20, 2016",
A World of Keflings,Microsoft Studios,XBLA,,,"November 12, 2015","Available to Xbox One Preview Program Members on June 15, 2015."
XCOM: Enemy Unknown,2K Games,,,,"May 24, 2016",
XCOM: Enemy Within,2K Games,,,,"June 9, 2016",
Yosumin! Live,Square Enix,XBLA,,,"October 26, 2017",
Zone of the Enders HD Collection,Konami,,,,"September 11, 2018",Includes remastered versions of Zone of the Enders & Zone of the Enders: The 2nd Runner.
Zuma,Electronic Arts,XBLA,,,"November 12, 2015","Available to Xbox One Preview Program Members on June 16, 2015. Available in The Play List on EA Play."
Zuma's Revenge!,PopCap Games,XBLA,,,"December 17, 2015",Available in The Play List on EA Play.
